{"NC1FC52011": {"boundary_limits": {"high": 23.134156494611293, "low": 22}, 
"drift_params": {"average": 22.946823679309357, "cusum_limit": 5, "cusum_minus": 0, "cusum_plus": 0, "cusum_threshold": 0.15611067941827897, "ewma_alpha": 0.1, "ewma_smoothed": 22.95525963137842}, 
"dynamic_threshold": 0.15912773148288642, "frozen_threshold": 0.0006244427176731159, "statistic": {"data_size": 24528, "iqr": 0.09034919999999858, "max": 23.17047, "mean": 22.946823679309357, "median": 22.9558926, "min": 22.67732, "oldest_value": 22.91825, "quantile1": 22.9031887, "quantile3": 22.9935379, "std": 0.06244427176731159}, "tag_name": "NC1FC52011", "tracking_size": 5, "type_to_check": {"boundary": true, "drift": true, "dynamics": true, "frozen": true}}, "NC1FC52021": {"boundary_limits": {"high": 746.1651430944496, "low": 609.0030999191674}, "drift_params": {"average": 677.5841215068085, "cusum_limit": 5, "cusum_minus": 0, "cusum_plus": 0, "cusum_threshold": 57.150851323034274, "ewma_alpha": 0.1, "ewma_smoothed": 0}, "dynamic_threshold": 29.887729941511772, "frozen_threshold": 0.22860340529213707, "statistic": {"data_size": 24528, "iqr": 10.910788249999882, "max": 779.4216, "mean": 677.5841215068085, "median": 670.48425, "min": 617.365, "oldest_value": 664.8306, "quantile1": 665.5192867500001, "quantile3": 676.430075, "std": 22.86034052921371}, "tag_name": "NC1FC52021", "tracking_size": 5, "type_to_check": {"boundary": true, "drift": true, "dynamics": true, "frozen": true}}, "NC1FC52023": {"boundary_limits": {"high": 22.127132777720547, "low": 21.66731817379609}, "drift_params": {"average": 21.89722547575832, "cusum_limit": 5, "cusum_minus": 0, "cusum_plus": 0, "cusum_threshold": 0.19158941830185588, "ewma_alpha": 0.1, "ewma_smoothed": 0}, "dynamic_threshold": 0.04618054323683392, "frozen_threshold": 0.0007663576732074236, "statistic": {"data_size": 24528, "iqr": 0.07211302500000016, "max": 22.1365414, "mean": 21.89722547575832, "median": 21.87645435, "min": 21.75435, "oldest_value": 22.0119972, "quantile1": 21.848425849999998, "quantile3": 21.920538875, "std": 0.07663576732074236}, "tag_name": "NC1FC52023", "tracking_size": 5, "type_to_check": {"boundary": true, "drift": true, "dynamics": true, "frozen": true}}, "NC1FC52024": {"boundary_limits": {"high": 26, "low": 24}, "drift_params": {"average": 24.986138776581868, "cusum_limit": 5, "cusum_minus": 0, "cusum_plus": 0, "cusum_threshold": 0.0900687325529897, "ewma_alpha": 0.1, "ewma_smoothed": 0}, "dynamic_threshold": 0.0295926455429429, "frozen_threshold": 0.0003602749302119588, "statistic": {"data_size": 24528, "iqr": 0.021812974999999568, "max": 25.1110916, "mean": 24.986138776581868, "median": 24.99647615, "min": 24.8065434, "oldest_value": 25.011652, "quantile1": 24.983678325, "quantile3": 25.0054913, "std": 0.03602749302119588}, "tag_name": "NC1FC52024", "tracking_size": 5, "type_to_check": {"boundary": true, "drift": true, "dynamics": true, "frozen": true}}, "NC1LC62058": {"boundary_limits": {"high": 46.44996445143884, "low": 33.51211390090133}, "drift_params": {"average": 39.981039176170086, "cusum_limit": 5, "cusum_minus": 0, "cusum_plus": 0, "cusum_threshold": 5.390771062723961, "ewma_alpha": 0.1, "ewma_smoothed": 0}, "dynamic_threshold": 5.523291468971868, "frozen_threshold": 0.021563084250895845, "statistic": {"data_size": 24528, "iqr": 3.5606866749999995, "max": 46.94861, "mean": 39.981039176170086, "median": 39.82774355, "min": 34.0417442, "oldest_value": 40.1428337, "quantile1": 38.216097375000004, "quantile3": 41.77678405, "std": 2.1563084250895845}, "tag_name": "NC1LC62058", "tracking_size": 5, "type_to_check": {"boundary": true, "drift": true, "dynamics": true, "frozen": true}}}